rank	input_address	rune_volume	tx_count
1.0	bnb1rv89nkw2x5ksvhf6jtqwqpke4qhh7jmudpvqmj	22327965.221432384	13900
2.0	bnb146ffk2lc7lepfelca5x9an9n2ek4hjw838rl5e	2879406.3385596257	1428
3.0	bnb1r6xls8kq0hr2ngjf7pu8d42f7jh35kqelzeywc	1165209.9992171924	382
4.0	bnb1j45kfzfywkqg95zqh0z8pddlqs2vze5jvhrjtc	1038259.6149263253	75
5.0	bnb1k5ypfc7azkkt8v792ucgldlfrlh0att5733lxc	690236.063342273	189
6.0	bnb13m6t2ymp365jffgmpxemqvcxt9zhjq3r2mtyhn	410191.66715051007	1054
7.0	bnb1yxx3grdj8jnxfy9yg98v56grumhmpvw0pml8ly	402418.8853905176	348
8.0	bnb1l3qz4kwumtthq8s7ze87rmvrn0cc42309wnyj5	393834.2020792807	71
9.0	bnb1ajrn6uqwp90jtq0eepm3gdjastspt8na8c6agu	281147.4456443279	33
10.0	bnb1ju6eehwue87tayz5u7pvuh33eke8l84dumf0mp	262840.1818964	3
11.0	bnb1m4mykwuvgjv8fea4vregpwwj6t8eyc7ldw0wud	230031.56607492323	625
12.0	bnb19ylh0zh8lwj7ga3cznxzy7tw8p04s47568v0l5	218909.3687890399	898
13.0	bnb1dyltg4dr4t35ptsdh70jeqee8842upkz4hrc20	212113.10028426067	15
14.0	bnb109465jrt9t75hf5x0nzwh0mxcxszxqn80qjxw4	211536.46932680643	44
15.0	bnb1nqckk6repqcx32a9suu3dgy2hcml0ws4j4tpan	207657.7925577019	275
16.0	bnb1patrmmvazgp5m09s4j7d3u9syzn6nelf4jc0k3	203938.37617928462	10
17.0	bnb1a08dxdmqz4v65u6ezcyssz4syyue5g0q95tm8m	177669.772996021	7
18.0	bnb13jpfyewrrfwncl0zmr3cv3vfralp6la4wwksyw	162440.7990333953	28
19.0	bnb1fshn793p347m8nratycr37ht3f0ndr5m8k6adc	154840.51	2
20.0	bnb1j987tqf9e5mxelnpav3srv4d7cv4vf2azv7z0k	149644.8846278748	8
21.0	bnb1azxegayhzpemvwh23wfl2vczt37vp2r9qltw44	148023.7731979244	15
22.0	bnb1j4h7pcmns3uav6ye64u3c5dgfnclhuat5pz642	130374.30702316832	201
23.0	bnb1r22z3r30899juyz682d6q5qjcdg49nzywrs60e	129704.3700415165	13
24.0	bnb1d6l9t2fuv5fz0rxa6n9rcwt7kg5afwj358skj6	121348.8513703219	12
25.0	bnb1vpeju6yh8lmewu06yezk5u8ha2usdhty6lzmkd	116173.75474965131	36
26.0	bnb1xqzhn6vpgk90qvd8g8z9ul6aufe2ryvgt7pnk9	102294.10280845601	9
27.0	bnb1dkpkyc9t0kuh2n5cmnalae3v63evyu9dmx4gkl	100070.81720208237	15
28.0	bnb1qmqj5yxz2y45fhmltk2ykrquzgjyy89xtduens	99535.00304577894	923
29.0	bnb19nc5gaaxfyxt7c798gzsa8pns5vgfz3fx2c6kx	87027.05396970476	193
30.0	bnb1n569app6rzgdlqwmu7vd2fvklzlndwu6mpe359	85000.0	2
31.0	bnb1ppulh3ucal4ers4stg9gfhmjtffltha9rzmmnh	84029.26244286829	6
32.0	bnb1ejkpz2k3wdxkmdvkc4aqn4f8qc8rh6cu4zc7zz	78889.19470397363	66
33.0	bnb1nf75ufznxcpu0wt5ll99fa9urxfa8rfyujxrdq	78065.3572548278	6
34.0	bnb1tjwspk64aj838ks2zx7njw7mvcu9ll5zafc65z	73679.2	1
35.0	bnb13epa408c40l05sprwauza9sxxd5yykszmznn22	72101.7106104877	3
36.0	bnb1upuy4dfemc2gechyaplaqsa2qa7gp0g4wa0ae0	71530.93074303333	68
37.0	bnb1pjexmh4fx5xdymlpfjtzvl23xnz00e6l2f79aa	69583.95505845302	58
38.0	bnb1vegxjgw0fp2hewzpsqnwarj94vxg8633davgpl	66108.28710276996	11
39.0	bnb1g6440r5l2w9uv7675jd7xx4pxe0pu9umkvgkhs	66104.432344762	3
40.0	bnb1d23lp8dzyznwvfx0ks0tjh7v74zrt32a8ax5j3	64051.767193240405	12
41.0	bnb104ufq70za3s8p5apzt34f8rtd6ege2j76q0cgu	59189.435063492405	3
42.0	bnb1dpc2uta2j4wysdh64e00qlxnltnnny424x2dvz	58374.24322835988	14
43.0	bnb1ht30k7gc259mvlydysl7x0sjt44x7xpl6sqpk5	58104.864025	1
44.0	bnb1hj0jrleesueq0xg2tv3fjm6lvt08v8c04k77rm	57720.68519188572	24
45.0	bnb1zzpfhlu2z3y0ne00wjtnzf0p7zll9xz3fnm9wd	57390.51034807431	7
46.0	bnb13wxfh9p0yyzz3k9r2vdr9pvhsx9yap3cz7t8hu	57170.96604452689	13
47.0	bnb1rugk96uaj3h5t6t7nc7xtqzx8qg8v9he90vqls	57003.67458791566	15
48.0	bnb1shk2qste8y4p0hdczqwh5ptxy3ugywvatf8s6j	56370.92771812949	4
49.0	bnb1859r478lkzxl3y33uht7dw75r5xmr53gh543vh	52054.99590575126	7
50.0	bnb13vedtsftqjywaj074dneknyr6adpxttrand20e	51905.984242442755	6
51.0	bnb1vhxgdg8k650awk8v9d3fayvuratx55fjra8hj9	50164.52	1
52.0	bnb1euqh7ruz26sa3hpj80kfqwla56drp3ln8sc0mv	48953.7225281879	3
53.0	bnb139cr9zurcygf9u39rvx7a2a4gc2mv4ux64sgg6	45503.5217722955	70
54.0	bnb1pfx8p02res67nn4gjwyjjpakpnt8l7j6kr333k	44913.76823162614	288
55.0	bnb180hp2ms3a862j4u0wm5l5gl4z9t33fddhfwea6	43843.796647549694	5
56.0	bnb1zmerr9c6j6lxw7rdplguwdnakstvgdvph6dgjr	43670.142660793004	5
57.0	bnb172ke82gk956su6dmkwzwtuw2xfv2j6ct0qpqe7	42211.5071299005	3
58.0	bnb1ys435y83gm2pu3hlj08w8mp8up44zj4y29uy8j	41562.0033829793	9
59.0	bnb1kjhqxrsy0kpvwnzprrsxjhr3dl69v657z6xlsz	40779.36360320795	8
60.0	bnb14kqxfewy6wec9h4xst7hz0fdazl6u90vnn3ct3	40703.39364516083	20
61.0	bnb1kq3x7h4tl6qrtgyvngzyynfl2825c5ejcjkzhg	36761.34	1
62.0	bnb15a7a0h3fj2x6ful4gh02ywj3w5t3uspzy628gr	36695.302806202046	14
63.0	bnb1x22qwpk4k0pr6sw79t6dn7mdxguc6dn8qj4e8c	34855.37292055068	90
64.0	bnb1jzcdaw4nl6kp3vs2z6wrmpvkttdj96t7p5xznv	34103.13350561	5
65.0	bnb1jrgf2fvkjfwzywrndrnykkc6p36mt3ytfzq95j	33804.51725098381	7
66.0	bnb1hz8f8ejs6uy3fdyg99fk38pkmm3grxf2n643y4	33602.5687491382	6
67.0	bnb1zzpkjq00cgy9wp72za2uq0vdr0prmgs0l5rfhc	33515.56517050774	50
68.0	bnb1vwq2as8p63jvgl64cxs73al04s7n6wp65nv9dl	31837.91	2
69.0	bnb1f0fmyr6z5r8yal370e250v5k33e97mml9grr74	30882.21056619034	13
70.0	bnb1xv4jh43n50ujjxsmdrv9h6lzhjhjxwgrjqgtap	30711.19131543	4
71.0	bnb1l48d0tg4dua7wwqf47cmuwemek00qwfvf26h5f	30161.88628469078	13
72.0	bnb1l3k02y4nvgsnvdg396lxr7cpqknqqrfhc8yjfq	28054.38948285187	2
73.0	bnb1pnrjfsmwqd34xlknp0wx8qd6qn5mvmaha2h86c	27697.114605972365	10
74.0	bnb1d97wehqr6a0xe9c8q55qvvavjv3cu798pvdmfp	27459.94117220748	8
75.0	bnb1fkv9eeyk2gu6nxytjs0lv2lag2tetueq0mu5yl	26822.1664246892	1
76.0	bnb1g5v5d26fpw7n3w7v5z2cg947kh82erqwmmzyzh	26621.87856705826	13
77.0	bnb1cdvdqtfhekqaqtdaz0k8cnl0cu0fum8snjfvyx	26014.89889573409	6
78.0	bnb1d8nqcg600umrkkmv3ejg8h4awyywu7quzyhd9p	25299.088411466553	20
79.0	bnb120xgclkgfy9tprv3dy2wl7u9xzp6z5nw8jc2xm	25289.973779970387	134
80.0	bnb1feaxx7l67s3nesvqezky92v9hme4gw236tg2wj	25100.0	2
81.0	bnb1fp7ru0nyka3hcxkj9mh8cyf49u63hgykcl7z9m	25000.0	1
82.0	bnb1ha7855up2crzleeuprurqeh3p28pgqvy5plvzc	24800.0	1
83.0	bnb1j6xuq2k3hvh545gwa7kavvp9fhhlgux52tz9h5	23916.65267602766	28
84.0	bnb1446tz2kdvwg8mdwfzvgxm623t7gga76ful7heg	23639.143637190016	16
85.0	bnb1wq6fpuksnhnl6r9e7v8r2zuszyf9wn6v3awlw4	23245.39942352157	4
86.0	bnb10y28mm3zll66ydv47n8jse8znrg2wqhg6604k7	23221.4341622877	1
87.0	bnb19xkyey9k9uzpqzvaq34lfms24tpnuaz9fg2eta	22795.71674169579	6
88.0	bnb1rtukpet6gw77c5shyyeunmmatpev70pjavujz6	22126.6434525729	3
89.0	bnb1mxyy5k5gfmex5kr9tdh5tdxm96ynt2e9n4le9a	21732.851709195602	2
90.0	bnb1egf860xcnsh5952n63a732s3wr3yss35rm62g5	21452.411486128753	48
91.0	bnb1jsq3jchduv922pj69rgsm39g5gfuh8m9jjwx2n	21120.994150596027	39
92.0	bnb1ss73yy307n0tahl8ettzf006e53kz5zplqvrpw	21105.33906619943	18
93.0	bnb1px9383sy08sj7d9nhkg6thcwv82qdgcdajt82u	21070.64876821197	16
94.0	bnb1r6hpmhmjgmw240quzujanlt6k3nzqgt7ledf0p	20746.145939317008	2
95.0	bnb1rwef62sv03258pxnhrdag5mrs3jhvcudkpq5g3	20000.0	2
96.0	bnb102l7dnmw7pjr5hzkws6qhe7fatkvlqmykhmsyh	19659.35271849	2
97.0	bnb1vn7rrfhhcuannjdwf8fqwp6jqqhhg2gx0sz3jq	19500.0	9
98.0	bnb1xllgmcavkzz3plqzvjenzp9z4806c9uak05363	18537.9825	1
99.0	bnb1ffxlddwshdwyep5pwm8ewdm6cpxxatc8xwrvl3	18397.136226979877	35
100.0	bnb19nh5z6h4cllcdg8rp3jm7pdnlweu60h5l9zsp3	18356.51041339466	5
101.0	bnb18s9wcpe0d0tvxc7vp6yz4d2g7dkg7n382p5url	17202.800894031123	7
102.0	bnb1f8zl50cggsyjtszm75lnskx2g563jvnnhjepmh	17140.484270934296	7
103.0	bnb1z053krwc232ahuk9qp5ld49tnl7apham9th5t2	16723.67063653309	3
104.0	bnb1wy6k9uxe34tx3pxmwcpt80pvt2p4edme8045l2	16500.0	17
105.0	bnb1jl478r6j54690ukv45qa56ff0fa96ga8xxpz24	16443.76	3
106.0	bnb13qzpl88zrp06x86zvnmv459wqupk46ngtdve3f	16256.081848725189	9
107.0	bnb165nxkyx755l9yp4rk3umv8x0zdwkn2a2e4lfnk	16000.0	2
108.0	bnb1q7jpkp88ruwy0r6s5klsszldj9jxw3n4jmftd7	15969.172516534656	16
109.0	bnb18jvs3wcutry4up8af93de664l8au6tvmfcetjf	15957.92297718141	2
110.0	bnb1mxg7hfck4ya7m9q9rew7q2ysn9uupwup0g4gvx	15790.98999254152	3
111.0	bnb1r2kkc393ezm5sj46lrj7mpefpk3xsewsfpm3eg	15569.28187173	1
112.0	bnb1swsqfu7jtf2p8er24fy32kh7g3dxzkg35syw54	14994.014334481562	5
113.0	bnb1gdqcs924qjks2rxyttxls2s9dnkkncu26a0se4	14881.24132375289	2
114.0	bnb1qfxa403p3cqecpq4pqpk4mp7ksg7npgqdve5sz	14686.192466848242	61
115.0	bnb1vudr77y9k2s0yzj8aaftcast968zsncq9k8sw3	14229.430363602241	2
116.0	bnb1tkpcmg69hsgw7tn9297n2u34jp773cwa30e692	13777.05728184255	11
117.0	bnb1uhm7phhcw3a4tn8k4jq50e7lh0z695am0gu2yw	13657.921415888482	6
118.0	bnb1eydfp5gwyru5543tj066khmewxh0cekwcwrm9q	13378.86447694756	5
119.0	bnb10x6rd76wcs54pndpqyegpc7y37rl7r69xay3kz	13136.24657191919	10
120.0	bnb1fhzy6z664f49hgqvw5695j8m2cjtt7t5c25kj0	13050.885048789	1
121.0	bnb1zckmcy705dpxauegqmnj77strq7qncdhjnvp7c	12243.228503681335	12
122.0	bnb1646yxaa8qk6w3u8gyprecg9kzfwc8ged67w5pm	11872.37041493944	7
123.0	bnb10rczqhr27n2ltvpngpss8ndqc50hlnp74kdcjk	11642.483767790378	56
124.0	bnb1p8txksgk2c8fw9dhwfxhml2vzeevmgr2nd0t59	11293.689702393507	17
125.0	bnb1c4mfa6rxt5q7h6pg7yf6sxktu58vr2yr7xv6lp	10769.85485698292	12
126.0	bnb1nwhdtnk0skvak90vp0l3kcjmqarf9em3cchgqu	10472.7331968382	2
127.0	bnb1rf02c5h6m8e95yx6rs3wnmr395gj724y6r6zy6	10350.0	3
128.0	bnb19w8ac9srzwa3mcne6eh2vkvevgg3fumj55wdyq	10103.404014458676	5
129.0	bnb1fzu4nnvg5vjthee5j2qsmj9kywxg6mvvg4t884	10039.98750846258	3
130.0	bnb19yfsqj4u8h0sakjxs2q533kak4ywkv7kh0a2fm	10000.301	2
131.0	bnb1yzlm0ar7a5tu336dak8rwq8wa22gr75hraqgt9	9960.9578806297	3
132.0	bnb1tgn9ug8sm8kpqmfcul835rxrg835shp3sdcj47	9906.841186385034	5
133.0	bnb1vcg5mhn03q6sv4c5pl97wguxs0r303qj39t077	9882.78305313815	1
134.0	bnb14jdt3rxytmk2ul3mgslrpfzefazlw4esljdc6f	9689.44056489868	6
135.0	bnb1fd4dr6ue4utray8mpyxm333eeeq2u3q99ftg0t	9605.27760553667	1
136.0	bnb1306unfqfxvtgsmtadtjn6lzq3hawkndg5s5fg5	9497.94546045014	1
137.0	bnb1ka483sgw3tqfldugds9n9f5jqw848vmk8qn9vn	9426.121754966422	2
138.0	bnb168qmavm5n48jm5cxhxghw3cl8s7pmftc6tn8l6	9413.259342182657	4
139.0	bnb1t7kptjtwehqyjqke4wv0tfcchf66gtnarv07av	9402.0	8
140.0	bnb17hwpd3n97skq9prfcc8f3wstafezvcrmza2u6e	9212.33	1
141.0	bnb1uhjnhktc839ypxlkfmffkh2x6urtlrus5tgm5l	9186.433570454405	16
142.0	bnb18x9tr8garka4zsrfjq640tlegw3r4a22y43etw	9070.14380258	2
143.0	bnb150e45qj995tudlghkxe2yh6p9w2cd7dkcnx4tp	9058.29024883099	2
144.0	bnb1x294e760z2q887adtl98x5yuu36v9cf5ukzqr3	8473.972	1
145.0	bnb1x9k0lkkf5n2vqj30ktsrh6glhdg4nvkg0wcl8n	8245.1541695235	4
146.0	bnb179ayd67xr4vthnasxcvku7ezn6xdaw4gu7atqh	8200.0	1
147.0	bnb15clp8sfv0jrdlfp7wcnx0xy2ckwk4ftt00sh5c	7988.352137553952	5
148.0	bnb1rt63zl9ugf4wgax3dv9jndnvzeqpjqrc6kxn6d	7939.672166647823	8
149.0	bnb1l3ftnt3s23de9e8hcemvpyrrq3hufsu5t4p8vn	7854.93909139084	3
150.0	bnb1ggayvcanas6wda9wfgqd2c38w6qxn5nvgcc2dk	7837.35175572686	7
151.0	bnb1m9f9maps2kqjdjg3d4jjhj9tr7c80r25mjx9uj	7707.3777048507045	6
152.0	bnb1nur7yh7ek5azh3lyycvug8ffuqh32q0x77cc5h	7673.05675773742	4
153.0	bnb18gcwzc6klmf3rrsgqax60eupqjmqcwsdxzed5n	7611.818808777877	4
154.0	bnb1y23lz9an6540gw0xfcryjznrstg32ksl024d7r	7562.12444665303	2
155.0	bnb167vcv5duqaparevkjazngppvn5hpq7jlg732hs	7453.6838	1
156.0	bnb1fr24vdtm23ufx25ukld2d7grtjfr5hk5anj95n	7244.0961	2
157.0	bnb1fewfw0vcqaa7rjudnam3pjc78wfehs5grkjru8	7242.61525023641	1
158.0	bnb17uyy50cg9kkqrv4j26ym2759e4ezs6fyk89zcq	7199.48264329566	4
159.0	bnb1rurwxcg5ywnfwtmqj7rmujxmq93cvczz9w2l8x	7115.050700000001	11
160.0	bnb1y6mch5x0yc3p86npmjlxgly6texk7hermqg0vw	7072.89	2
161.0	bnb1k22g6dm77qv644xeqljetvh9m77lat8lk7fyf4	6854.572654933025	6
162.0	bnb17q7x4ynm00tgy0rrucvdg6kyajza0qy068lc6f	6701.67156280107	3
163.0	bnb1xgvjhax0nrsg4vsfhpht6sv58pcmz0c70aqpax	6680.86255347	4
164.0	bnb1t360q7zpepd8ljpdtgvyav9e8a8ff2cw5mhwch	6562.05486106	1
165.0	bnb144f8qgn7r26kn2gmyjz37nxscun9rkx572wrfd	6490.6908501130465	9
166.0	bnb1n9uyass9d86dedwxr4daal3vaeegnm0888nkjl	6472.438304976881	6
167.0	bnb1jp2ztjv732rc0vxm4awc5phawld02ld840pnaq	6403.87522238	2
168.0	bnb13phyyrxqlyuqd55r04jmsqurdkeemm55q9lw0u	6202.388408939409	6
169.0	bnb1c4z6fyfvmmpjk2z0dqfmue2chtfme5mhgqgg75	6026.37963456506	1
170.0	bnb1werumvd6hxnu0zgcntr52wh90amccvnxp9d3gp	5988.075515541379	1
171.0	bnb196archjv967cz9uf2kmaf6q3khq4xzxcdwa5wx	5867.8100646658395	1
172.0	bnb19pkhvxxezyhh4te664lm84el8rh8ytvd8v0heh	5840.45614760307	1
173.0	bnb1m9f3hmcpfrtjf3r0venhryq5arwa87l076wes0	5824.866193436391	2
174.0	bnb1ttapk5pp7zd0p9ek2q20ctw2hpxsa6vxfm635h	5813.5905	1
175.0	bnb1zfh6jkwc6amc77xdpjkmf9hhsyq4uwf88nc65p	5463.07890910301	4
176.0	bnb1vfdxwtee8sx8xz8pu40d6lzf0w4uhu5afu9t8q	5379.494	2
177.0	bnb10u2v464pe2pmajmkgh6rgg4r825mp7qdd7fc9w	5328.87480007856	2
178.0	bnb1v3wket664enqfya2fsk2gl6n07s4695p4vvmys	5317.360545111852	2
179.0	bnb1qpw7lyxxlqvm3yjufvnuhrjwxzgaxhd8smnw78	5257.5065448429705	5
180.0	bnb1j5h39w3p09c9t6t77ckp6dt29x7mgqmpy4qnhl	5035.899153500689	4
181.0	bnb13v8tp86rukpspmmts70y94evjwex04se3ajpa8	5005.80668	2
182.0	bnb1nt08gyeqpaq23wwt70652q7qxsc7ue6mgphdav	4984.43072519	1
183.0	bnb1qvva7ldenx8l2a7n4x8ewv2k87nt0qqkd0gdhq	4874.328748877754	37
184.0	bnb1m4h45ts6h4wwhhwavseppxdweax7ddmz9nfzyc	4858.17244109434	1
185.0	bnb1fraj3qx86empepxvcv37m4k5tqs3hpxa509pwt	4800.49827195325	4
186.0	bnb1yaq36satddxe5ypenmvhuenxw67kuhcyyxgy9u	4781.53924955354	2
187.0	bnb1lp83jqpjkx5wedwtyggd44ta0fx5w2fef0us4l	4707.0	1
188.0	bnb174ksd655k7qzuhv84p7h0uzcr34f0yl8fwtyen	4620.575	3
189.0	bnb1ffmcz8smmspt7sp8rmkf0wrnd907fg5srhdzwu	4604.5553530826	3
190.0	bnb1tyy2wpgwyy9ep4ntu6tskjn2uv4t6sywyfmpsu	4563.99389876055	3
191.0	bnb1n63qnqqp7aq0e23cg59tsk337yhjl8wac6ve8n	4542.67452355	1
192.0	bnb1kupdfh2qzfy2pdm6dj7dr4kjz4cknnxe8jhx05	4507.2182026615765	8
193.0	bnb1wrx0azvjvmy94f437kun0wt9l84dj7dvle3ktw	4500.0	2
194.0	bnb1xaxjc4ttaxmfuyhgmh5kyu90t8fudggxq9hr05	4429.70017887	2
195.0	bnb1nx073cvdh4jwwp0k7q04mw6c6m4re86m2h2qh8	4394.6154882885185	3
196.0	bnb1j7ujprl0eu3aej3rsw4m8vyz28xgd5hfrgfc5p	4308.864515860037	7
197.0	bnb1ggnjfl5dplmcr8j44z4x6gfwnywykygs2tr2ps	4303.838441797144	6
198.0	bnb1xve3nd2rtw5tyd9xdm8r5xfyddngz6nv63d6ty	4296.466993688	1
199.0	bnb1tnrsm5dfwt6yt5ejqyz0hmhpnfsu7w3z22x59a	4240.94013373094	2
200.0	bnb1ueqd4lrw6gge9petttv8tsk4gdknzzv6ckmzkh	4196.99674267741	1
201.0	bnb1kwjxnyy243h0gxtmnn6w8vlx636mr0ru6ajkf5	4125.58030730603	1
202.0	bnb1qefxa29rvsh2wqe4mzn985e0eekp4gteu3vs2x	4110.835	2
203.0	bnb1mdu9r2d0h59a35777suuvy4z605ah59emd4zhz	4097.206675009053	5
204.0	bnb14kjtdfvkvfh0whef4h3mkcrta7rtmyrugc8a2n	4050.0	12
205.0	bnb1d42sgd7zpngexrlnyg03n8vt8mqe2095pv4j7z	4025.6766	1
206.0	bnb157zacwqaplw5kdwpkrve6n2jdxu3ps9cj3xdcp	4000.0	2
207.0	bnb1mf86596m9zpv7ahkdmh7cualak3lvmuts36e9g	3951.8040317517402	6
208.0	bnb1rpw69vck9txkql2hw8t80uxdapve0rlw6ywkhf	3951.3865550072596	2
209.0	bnb14gx273k72u9rh9ue4ecfpeu0yg3lglt5cp5z7d	3934.5206360616894	3
210.0	bnb1ft0mvnap9q537dga53vuvju86vvdcy0gtcwy9e	3839.074656579575	7
211.0	bnb12ekm8lq8tr4wgrysfjjrd9raly57c6sxf4g8f8	3804.53224245675	7
212.0	bnb1dqn4xst0kz3u5s4ydxuthjjcdc5v33fl6xkk33	3802.1099999999997	2
213.0	bnb1gst5hq362gjccjvwd6nfxew3zrzcvfz00pnj9j	3769.454055912155	5
214.0	bnb186p8f0hpdpufmm9rpf5jvppcycx76vdsm7rukj	3761.5259289927794	1
215.0	bnb1kn2ksrwctsrcx5ej7u6tc42swuefcupl8ve8ap	3711.42440804096	1
216.0	bnb1xw5r752xal25lk2xfdpj9h4z9jda6y8gtp79rs	3677.3744453432128	2
217.0	bnb1hrljv0yuazjtl79qag60n523yk4zqmf0cn74l3	3658.861539527842	4
218.0	bnb1avnu2rawqg2jmagwxvul662pgmjve49y7eh893	3549.6766421403017	3
219.0	bnb1far2a9czpl7jzdwpt4ve4grgz9pxmlsrfp5egv	3543.1169804136707	3
220.0	bnb1m2d8eq2gs49h56qcrzs53cjk6aya8xw9se37xu	3472.9679918400006	4
221.0	bnb1gw5u9m4phtmq4q0nckydk5rd5dd8jhxqcsxd6d	3449.24388218672	3
222.0	bnb1ylf0nff7h6keu0r76rfyulvxl0f384nnmajm6g	3442.468602606824	3
223.0	bnb1wc7ldakccpjeeew9w79k4n7un8sq9stnvskyqm	3371.295514831141	6
224.0	bnb1gnanqmd9ultletj0karc34g6l6yvx7y30qkn2z	3266.051680547838	5
225.0	bnb1th49sgwvnh38ch90jhxj4zu0ql7hfq4hpmnk3f	3260.29593442397	1
226.0	bnb127wmzf82jtv0cqzf3cpgg2y4vkxxvuw8w7f23v	3250.0	2
227.0	bnb1egkqcuk6glynr7qs7n75s0zf6rvn6323em48xv	3068.8263680500004	2
228.0	bnb149ezz4kdlsm5sfhn68kzt60k5y9gca6895xl86	3052.43430015552	2
229.0	bnb1mmhmjqsenyy2xsa3eefqff73u8s3kakp6exfj7	3045.0	3
230.0	bnb1dqr0qjy7v0srhr9e0g7trcjsdsvu8p09jf5n33	3000.0	2
231.0	bnb1jfck260nln85qy9lacc5c7dfxppueaa2g976vh	2932.2113221	1
232.0	bnb1aj37ajkxfpwktmk82j88fwsjzwhvhhcpu0sc66	2899.07855206817	2
233.0	bnb1ln8gpa7txja4fv9wk57rdnvlp5hqcd9mjyu7vr	2854.0	1
234.0	bnb19xkp7a8kjjqawe36pg80t3lm5dvpv9syghr3rw	2812.55744978955	7
235.0	bnb1nh5w86v545pksekj6ytjzsywhudlu6htzcv8pe	2782.59799895	4
236.0	bnb1cfkxxjz2aem88r6uf4k8vvs4ekr0wpzwehsge9	2725.3893215199996	2
237.0	bnb1mwa58unqamd0mx4lfs9k9fem9n285tk4gp2wqk	2668.253173138419	4
238.0	bnb153n8a5rt6zdcnduxeps5cdl4sfuk8rpzgl4p36	2622.023548440128	3
239.0	bnb1nd4g23dllhy74qcsdqcrtlal24vk0pqkjz3hlf	2576.87895390515	1
240.0	bnb1cw6jqm9nz5qgmlnccg5q9vmeg8wucjqvp3vrzx	2550.0	2
241.0	bnb1mkj0cfh0t28f90fhpvxruwtxuh3z30q3ms3xj9	2547.0	2
242.0	bnb1g4dye4x2wjdhhltxtwu90kglkfp898f6snhy9j	2505.04475248	1
243.0	bnb1xptyg49k7dnwfyp3sqx6zvlnj6k3qwzsy0lyc5	2477.6665835749413	9
244.0	bnb1rlhp5uhsysz9qf5gq78kxgvpkfcg0qv0ldu5r8	2432.38	3
245.0	bnb1eqwee8pxpz9458982srp24k8qev9ga23duxr3p	2409.0	3
246.0	bnb1d4vkzqwutcfahzc3thuvqsh8kjdzguqhjrndpu	2403.4725697999997	6
247.0	bnb1375tzqwyjptccjlnylzkz3q6zslkr98y0cj48h	2341.78519697	1
248.0	bnb19dxth5fqfcxyykkftd4yydvdxxejp63ym8yymz	2321.597713581223	4
249.0	bnb1mcdl3arwyxt7umvmc0aq6s732ca87ed0eh47yv	2315.771483236345	12
250.0	bnb1wlztm0nvjtv5x0fuelrkjspe04jp68v52dnnfw	2293.0	2
251.0	bnb1lfm83yv7yywhrdgf2khjy79g6h4q32mn2lds9y	2247.218472866908	4
252.0	bnb15thlcxvyq056m6zlc5799kwumzmxgg4njfqq3g	2245.031097289605	8
253.0	bnb1zkqnmksp6mp7wzpflt76clzwl6gjef5jfcsqgt	2172.34942233433	1
254.0	bnb16p65pq7up0nkl3l7zae9hxct6yhpw46apjqufd	2165.750610434767	11
255.0	bnb1tk5mznhjskpnsm80s66cxxdn46xzlfpsu3yq9c	2156.8302194400003	2
256.0	bnb1y70pzk7vh3pfkh89cg6ss8sp65z0f33vtjpf6x	2156.81730646	2
257.0	bnb1ee26vcmxqpnjj2zkpmaaa4jsdx8dev6m3hzgnr	2105.2485797302907	6
258.0	bnb1gjv66d0f82w0dmupr79rnzlp44nfdfl9uj3jmw	2098.065	2
259.0	bnb19pm9vqfrvtkjpyj6z5hr6kyv6jhykqds0pgp89	2066.1495352399998	2
260.0	bnb16t85ewdkcun573tdhthlyg920s2jxvrgg8n99f	2049.4062422943553	7
261.0	bnb1ggjgt8qt3uujuaqxwx092nnfjkhhha0v2j3un0	2046.8199826729078	5
262.0	bnb1yv2d5jap8dnrns5aghgdne3xjjpfk73r87a6na	2039.125	1
263.0	bnb1lqwu7k8f2r07alf9r0jn56dvu2f9m084hkd9wg	2012.0	1
264.0	bnb1sa58mj53qdyvwl6qsj6zfkeh2xnjhmc7dvsf20	1998.971	2
265.0	bnb15q2654gzgylqrqz2770dw22ce4ve8cekekztqr	1990.0	2
266.0	bnb15kargly2atr90gswqsv2weqcr90l3jrugxqquj	1892.9007524518233	4
267.0	bnb17cxv8jyz7t74pn5n6x8he6zzc3fm62qsdf9jhy	1885.47337022181	2
268.0	bnb1eawm7s8avy52qgj9x06c4fj0kjsa580s97utrx	1794.9025509004	1
269.0	bnb16wrqf7x3mf6x984aes680ynvqcegxprczhdshe	1793.34885712	1
270.0	bnb1kjsfs8hpc6fwln9fn8enyzsw97s4n0z7fd4t4q	1760.2589	2
271.0	bnb14ej8jfh0danx474yqny3ca9q50370cfcwdqgwv	1646.0777444968078	7
272.0	bnb13j4xwtn0puedu20n9aphmns2ynflmk5g9jtmae	1580.461802012183	2
273.0	bnb10hhfeyykqdj9h6le4sd2r4r3pcey5sjj9exj8z	1570.53071776	1
274.0	bnb1az5c3t0y8e5dfknwpk9plsxhyzyg4ga7gswcsl	1563.263379090509	5
275.0	bnb1d8gk9usjemvy6keggtzadmgpgl9n3kmk0dx325	1555.8871234803219	3
276.0	bnb180ehlydt7qtfghluvjqlv9gza5ug09cx35nxjh	1549.9223223229599	3
277.0	bnb1flrhvyf5j4urccp9fm4m7ucs9qkd0gw7kw4rqa	1539.334943750204	4
278.0	bnb1n0nqhy536za2j6szald86x4f2dn6g8fx5dlxcr	1525.908	2
279.0	bnb1yx7uyfaxjzr7qrwk80w3fhc0xd47h5pygyfkqx	1521.7947126335966	11
281.0	bnb13lyrgm9yw8qf8a6tvl2k8ph09z2pnyhtgvdsug	1500.0	2
281.0	bnb1luz08ufcd76wz0kxlaljcrr380ldh0ssq5dcy4	1500.0	1
281.0	bnb1zc346s48m9n8en62z0pf42nt2lef30prc45x4p	1500.0	2
283.0	bnb1p3uf3a3gyggkqfhgyxexl9z3a89uhzda9twsw4	1450.6123948838967	5
284.0	bnb1fy926jjutj733yfcsx5m6pg9f6djvxz3sc2krv	1421.6608588251888	3
285.0	bnb1jrss386gcfwjv07dvk3n0e8w57jfjwl83n50q7	1410.397336226284	5
286.0	bnb1fyjl3ue9vvnse03qtjm6umd8x90ps6zn85348t	1406.72162254297	2
287.0	bnb19l4lpdr7z2xuc9gllh4vqwt7qlw3ccccjvr783	1396.5302218957106	3
288.0	bnb15rze0zeac64jee4s0ry2zxgz8efsrrackyu3j5	1366.5804704997865	2
289.0	bnb1nv9726e2qglnunj9pp9apcggxk7awdscv69pfg	1362.17887824	1
290.0	bnb16nrrkcxqpf68autplv4z48ncvf4uwmzdg38esy	1344.400957331303	3
291.0	bnb18rtwuwfsfa4mjlt0v448l5a8p4yp8w8dmy84c7	1330.04878563958	1
292.0	bnb1fhcn40qxpm4jxf5xrpk6s72xcch0fynphvy9e8	1304.931	1
293.0	bnb1wm9wqx50499nlccsm9llx6a0tmjje04dxcxddf	1258.553438112198	2
294.0	bnb108lh8xqvu8vamel6lx5v9l6wawmz5fdh7j0nyw	1219.8228	1
295.0	bnb1pmryyrckz8zgdu3l26azkj7gqql2hqmw8e85l4	1161.99	1
296.0	bnb1azlzyuu27tdxjg874qr494247z6jj97dv3y486	1146.7581600406602	3
297.0	bnb197wp6nqfr4326sffc4dlfxvncdmcy6e9cgwz5d	1143.3661383929884	4
298.0	bnb1n9hpfn3tntys484jdahnaq5clcrzn43yduc6gp	1141.1305	1
299.0	bnb1ukptry39dmxyh8zrc404uxdpsvepca5qqsk4ya	1125.552469415491	3
300.0	bnb1skp2q4a05ed8ven2gn6f4fj30cl4ew9wy0ay3r	1077.979384244375	3
301.0	bnb1zuctl7ev5q0r6pmy5rvxfyscgjy52zkgu409t5	1042.8652517139044	9
302.0	bnb1wfvs5wr58efkvsume0fhc8ut2xgxzqtau36nt9	1040.1480861713571	2
303.0	bnb1w4v6uj0sjd5mr337kzdrslp4pp2psmaq3udz8t	1000.66	1
304.0	bnb1k82347gvhugzg3jqnjfngm4a5zk3s6lrj6pcag	1000.0	1
305.0	bnb1s90uykywr9e4e8yw49l5l9qdj97yftjyshaf3u	987.3084	1
306.0	bnb1rw0rdpwg0u2vgu7phncprzrypn503c67xr5zx0	976.9994069276861	5
307.0	bnb1c8whfhqet3w4v6u3vw3xa8mlxstja82lght2v7	928.91195225	2
308.0	bnb16w3997rzcms5w7l5uh2mpkgdd46405sqjny2q9	928.13288717	1
309.0	bnb1sn7tqazs6ukks52qe3yrnrcgf0qknmprej82nr	915.02833574	3
310.0	bnb1ft5sn5xj4gt9anckeyh30ansr9z6hzd3gnfxfs	849.413790773325	2
311.0	bnb183z58rs4xtms74xhkus3pz22cm6ehtl9e7ppp6	749.0	1
312.0	bnb1zmfqkz8fumatrhvr85d3lpv0mxry2ek2hvt90v	741.761795437494	3
313.0	bnb177xy982fqxc6qk9zwfnhhqgd4n55vd5wfsgx7m	735.6760422970061	1
314.0	bnb12cvgaaq6qnugspgxy0panf5p2r20g0pjntfvea	714.4174363398997	2
315.0	bnb1ej7prws0q6jxdsvlwlje5fpmu306tpwmjg0uqu	704.288394734321	3
316.0	bnb1n7mml56qs583rwd8mgm8947r4vfu9gd553pcz9	698.59114465	1
317.0	bnb1a28k55lgsj6j6s64e6x6ven82axtk9dum6y0ac	688.556262295589	3
318.0	bnb18u8erwhu8js22hrul76w0zajtlhrd6cvxndqfu	682.20623751	1
319.0	bnb130nes3e07750temd45efuq9rcegfper43tkqfq	651.20410974824	4
320.0	bnb173gml5cj6a0x3fsm0uyp4vnp8gr92emtzq2a40	649.1749991639481	2
321.0	bnb1yftaem6nfrr43zfpg5u26zdf004d6wp3fea6gs	631.264417617941	2
322.0	bnb1l3dnygpm9ezdsnqxegjp67wx79jaeejxh8fy63	616.097715091205	1
323.0	bnb1n5sax29prz6d5k8adpq6v8kr6pm6rl8rp5sg0j	612.0	1
324.5	bnb1lxap0cy3mged0wlflaw4fvx9e2mp3rnwkhyaaf	600.0	1
324.5	bnb17smatgucyky0gmth30yde38732vry2ujuuejf0	600.0	2
326.0	bnb1vl3kwkrajjte7gpguygcer3y6unq0w83py787m	598.68728484	1
327.0	bnb1v0qu6hqz4tzgpsae568p92lens63vty02clpk0	598.49963145232	1
328.0	bnb1wpn3szpwpal58ukal8m8jtzf9j3efxdpz5fj7y	592.069731913687	3
329.0	bnb1ew0l2yq69y7xt9zacyrqh6l0tx9wxc2x8qaph0	590.0049962668523	2
330.0	bnb1cahpulkpdufuxxlfmxg69nuk8dmjlgagm58rkd	583.287898139676	2
331.0	bnb160rhzc87t9pty9aclpftfp87v2rtgftpemw5f2	577.285471590345	1
332.0	bnb1k58wg5fwjut2kjwtrqvtuwhnsthztgnqq2decv	550.02	1
333.0	bnb1ayphwzju9h8yfsdd48srag04nxsyy4uzxrtk76	541.316	1
334.0	bnb1z8y6sursld5eq482kc07kk4j3najm27960gqmu	531.871014888629	1
335.0	bnb1t4qdgnxqt94e99grw2c7rycr3ujj4ynarexrlg	530.1709	2
336.0	bnb1pwca9t6l75spcgumk84qfuxfcy0szyrrs7tjs9	525.76672062	6
337.0	bnb1p7cp6kv3am46eagg40lqls9lfpsk8tf3aqffj0	523.90195	2
338.0	bnb1kykkf45dkk873p3694dsxz28mlzl3s3k2uga3h	521.9705	1
339.0	bnb1kqcr2xaa933yjl4zf2veasnv8lklywshlla8jz	517.752	1
340.0	bnb1rsggsqurex7ggmp4dxf8xxj2deeqqz34z5qykc	509.760933359259	1
341.0	bnb1l7ztpurn7zuwllzuackkq2yphpus8ajq8nn8u2	508.948242601545	1
343.5	bnb12jywx7ttyndudxheahxda9rpkn9l4f946v5el8	500.0	1
343.5	bnb1pj0u6wjs6203xyc653xxy73krkwf4tswf79fg8	500.0	1
343.5	bnb152shmgrzwfqlla6gzcmz3nn8rsfv2davjrhwpp	500.0	1
343.5	bnb1lrtkwvc47vjxgvyh82zw2xpuqm9j948p0t3nnn	500.0	1
346.0	bnb1cmr48486xw3hda63gygx4wkvuvt5yzecastcwe	490.0	1
347.0	bnb1qgm9sehtwladea9xjvye0yvwz92qd5nzeu0hen	482.819636575981	2
348.0	bnb16nfdc0j2vsetncp053cc42mxry0apdrsvy9es8	480.76232588	2
349.0	bnb1p730wyy2trcdv4ptw77vgf606zjx0tmd6jl3ud	476.717031665663	1
350.0	bnb14adaxzrea9us2tnrharcg38qtr6ucqrnzzwfms	453.32300000000004	2
351.0	bnb1yy3qmylul46a6xkg2rh6q8jga6vxz383w8a7ln	451.8366378898331	7
352.0	bnb1x0fysej2vw3ghmly4huf693g4w8jgmzdsync05	450.889052561301	3
353.0	bnb1al44gwe58lda6v8e3wrkqqp3yv0s33wd52whut	448.26	1
354.0	bnb1kgswu025w5temdlkvxneezv4pz8rcpj4d03rtj	418.698378349158	3
355.0	bnb1s556p6apg0l34rzjytn6axfd3u8pzxd4hc8jk9	414.90973524921003	2
356.0	bnb1fpxat6ymrcv7mv4wz4usqxku5cnsy8akzmkrvh	404.399790766782	1
357.0	bnb19y0wrtk5334mqwcrtzqwymkeafl5vdaxywuxea	400.0	1
358.0	bnb1y57vhlkurasmcua7tx2eptwtsyht8m82q4rkx3	399.66900000000004	1
359.0	bnb1vdwxvc5fx0sskvq4rk3mf65sg9v6yf2ssnyrml	398.2903957801955	5
360.0	bnb1069y7qcxmsvaxhygjeqhagpzn70rh9ruc6mva4	397.67127593414796	2
361.0	bnb1ed6rx4nrwffkgssdyppmrfg0dcnfemtzgtu44p	365.223534	2
362.0	bnb16aufxtqwwggg3cv3sl439ah6fs3kqwqvk2qs9y	356.3565798066129	3
363.0	bnb1fafhcdrnl8nf6asy5zdzvq4luww7ahy44vl8qw	355.47990140423997	1
364.0	bnb1h2re75lvcxfx5y99gzqadeucr462n4r3kf0jgr	343.311	4
365.0	bnb1pkggw5erxqaqn78ynqs304w5360lcert2dnlxc	325.0088727	1
366.0	bnb1lyk6fc2e7tl2rj0ve6zz4axdu3yrqcny506wu7	323.54168516842003	1
367.0	bnb1kg5wpqz242mhhxxqx0xmw3xkjl2qn3smaw2j0x	313.25721982	1
368.0	bnb1yv8q4gtg6sdkvcdtzmamvgr538g78ey59c7h5n	311.4278391083691	6
369.0	bnb1v87dy28978et8vsrssrpcfqdn2v59y60nvgkvx	298.3202	4
370.0	bnb1wvrt4rs9zyu8hgdyzpxl6q05n5qlskq959am3g	295.958065192902	1
371.0	bnb12s79s564suyxeg4g7sxssv06z8qf2hf59dh8qg	278.49	2
372.0	bnb1ma807q85ms9aa2upg4hmha4kjaaeahsl0gjnpa	264.263319953545	1
373.0	bnb1qveevplpu4ndyrs67x0hlder4tw5w6amcrlwus	254.305	1
374.0	bnb1jwr9zd4vqetf0ey2lfglqkmd4fgavge24cahc4	241.89352872540502	1
375.0	bnb1qycgsznfunus8lr7n2lf6hw90s7xfek42vehvh	239.518650331643	2
376.0	bnb1una732vqpjk84ydwajx2ff49qnagrng3czcp6g	238.667121578428	2
377.0	bnb1ld4lkkaqeep4sgs3rcuf0hwf4enyztry99k42z	236.63	1
378.0	bnb1za0xm0dsut4sz899q39dz4q4y4pezmwv4z0qs9	221.67632019059397	2
379.0	bnb1r8560s8ecjl29pveugqwv3ad0z6g2pfpd5hn2z	220.0	1
380.0	bnb1jxv397dhskzhqz2adyxp6guwfy6dh27fmwputv	213.4097242136701	3
381.0	bnb1hh7lhuyxgjd02aa6ha3epw2zqz9ms00ngwksdm	207.523135	1
382.0	bnb1h26y8uh7dzk74qe6y9al70975fyeql33muj0lh	201.55748569004322	2
383.0	bnb1vpup53dxsdk7eux89fawd7etvf2u0dmae52wwa	200.47	1
385.0	bnb1rj2ec5zypprcxxtkf0dg8rlv60d4xqpvk9rx9t	200.0	2
385.0	bnb1f3sn6upa38s9uxseeh2jyqhrg5nze9v8cjjks0	200.0	1
385.0	bnb1x4vn6rn6rujsqd2wnmg6exq900jv20rqdfl7jt	200.0	2
387.0	bnb10edw7k890d8em80d6awz9vlhzszuerml5frq8m	194.90721602058179	2
388.0	bnb12daturygd50fqchva7qmqsgjk8agj8u4uae6n2	188.977062917538	1
389.0	bnb12vl2vpy5xmv4ahs4k5fh0flle5vluyj8ufx8mw	186.9	1
390.0	bnb1p8djhrwjtkysyq8c78qyecn6kjfjvxgprgkzsf	182.01726503876802	2
391.0	bnb1xpufxwclyjdpnpwuglklxmlq9m6nk9ecfcftw2	180.464693002826	1
392.0	bnb1fl6exzhs6vtum80y0lxkyxmasn25ppk4vgvlt6	170.97654	1
393.0	bnb1h7npxspqgp8rfklvvgjusum5fzkz694wg0c5ck	169.73486161639306	2
394.0	bnb1ha02frjh6v4hhycxr8393ejudzm756mc8xvyh3	160.869	1
395.0	bnb1f2t5gr99srrv6gr0ldna8xufztdgfhxttgy7kg	152.15	1
396.0	bnb14f64zgh9vztuputd3cj85xh3ze26ykxr6hx7j6	144.99131692	1
397.0	bnb1upf40e3qtet5u8gxx8njy7v73hyq427g04t2ee	141.7771012183679	2
398.0	bnb1clxucgcu0kj85e0fv08fu3l6s95et4hckhvtsl	131.520804973639	1
399.0	bnb1grll086mecg64ycp365mw9ghnctra8ffkyq52e	124.78244823089899	1
400.0	bnb1ckxave5uhsset7dggwza08c6g65d7g436m6kns	111.46473488016899	1
401.0	bnb1etj35n7jntfkcgs2e354ull3t3t0akczrxcwj0	111.1893854120281	2
402.0	bnb1d3pfpfar8dgw5s5ms3dcad9wyrdq9mj87fy5zk	108.221928807064	1
403.0	bnb108q622kq02ltnw7k2cp9py4283ewctlf9jx3sc	107.491768100847	1
404.0	bnb1z70njxnj607vdx028t9qs829qhdq7el366gwrj	106.765	1
405.0	bnb12ug4tmuc8fyeyrffl5wjryvpvw6thtvq3nadm5	104.811869014204	1
407.0	bnb1pt4veknxdhtmxey7c399uzjdk00qmj7puy833y	100.0	1
407.0	bnb1v24dcuuuw4rhewqk2zq8j5z50m344jf5g9hh2h	100.0	1
407.0	bnb1e8k5xzyjjtpycqqjgx9ytycese59xhxuxvp6dh	100.0	1
409.0	bnb10ccet2wmyltj0llkugty0qyjdzmxy3ug02vlvt	96.99916524301491	3
410.0	bnb1c0ehe7tlyurqhvrd3zx8fnafekhxe9m0htzquk	95.57	1
411.0	bnb1w6kscpypedyyfzg7dtcgr96fesp3e0lull0vrc	87.88721809563182	3
412.0	bnb1dzpggw6dyxf8zsptwc8cs3ptv7t974j56ud2tc	86.47	1
413.0	bnb1zkkpuqxhkl376hpkja6en6gt9lrrxzw5k6p2rc	86.39969673461539	2
414.0	bnb17wgfpjhq0340sqcuc95kesulnsa7307jtucstp	77.97426	1
415.0	bnb1dcj9xnvh62tem049redf34hxjx07pxg4dpv2ve	77.05186878641629	1
416.0	bnb1f46wfqlwhhdp0gqswfqxjznmg6mc0e3q5gu8d5	66.76004369085302	6
417.0	bnb1ra8awp7hlmrwpmtqmagp89w0j2uv5625m5axmt	58.765261835304095	1
418.0	bnb14ns6skrzutrrutkjkzqnrred4pd2qgg3ksknpp	53.7321506141475	1
419.0	bnb1wjdzaje0dwukds8qjehtkqtvp9gx9gkxucjdrc	50.62589749313367	2
420.0	bnb194qf7hknvakgfwn0866rrdk62m8m6c0cr3wj9m	50.22435991	1
421.0	bnb1e0nrn5ww6rrzqu8pv5e85p7s4m97hpa96e43a5	50.049	1
422.0	bnb1rwqsjyp3wkk40ylyt0030nw5whu3nekvzknj07	50.0	1
423.0	bnb1c92lmlhkc4kcz6y7wpjgsl9lmf60hfrpe58rhy	49.229794639366595	1
424.0	bnb1fmqrghvxwv428432mr7h0tpx32mpw92h8rwwvs	48.1919917858337	1
425.0	bnb1ep5hg7440hrlf2nf0r90lttt88qk2mk7nafk4z	47.7149602963348	1
426.0	bnb1xl0x8faat7atrl2q2nxxjp57tvjctcldgmx809	44.1426063057677	2
427.0	bnb1s3qznffnwpy02v5x7hu93k39mza5r78a9ehy9x	42.8476649693429	1
428.0	bnb1jw2aju9mdjs28em3r07y7pq7879j376udw3az9	38.1233083078899	1
429.0	bnb1cp6mygdy94vzc3z9jcs9kf7zryq3qlegmvlyz9	31.024114102221304	1
430.0	bnb1ue8x3p4hlqcgpjv7rxne257vcpegw7e3qm90ku	30.9126393923383	1
431.0	bnb1xyrcjy6kx2p4mx260744xt33a9y5sjvd2d3xp3	29.475	1
432.0	bnb1nt7tlmlmmk5jau67pwjh6hsqugcx44t7zqr45t	28.92225	1
433.0	bnb1lwtwkpfpsm729y4earfhchaph399xrekmttqa5	26.617811165471696	1
434.5	bnb1vagzlhswxr9mhm8vuj6ar2jk9qtp52edv94cu2	25.0	1
434.5	bnb1htyan45kgfkz7nv5qswnlsr4rs3wwh0zadavlq	25.0	1
436.0	bnb1z3wpqx7phyqp0krkg4ulzw30x2zjt2hhvdtefc	24.8639320251333	1
437.0	bnb1yjz38y0ml6yza690qmhj2hlznmrudf27qmjgwx	22.00335757143154	3
438.0	bnb1htal7wkzjwww97rez6wx95ax2lygwce0m5n8e2	20.0199948044748	1
439.0	bnb1uh595y6v35096yqvjkjfm9lfqjwy8aurzqzqzl	20.0	1
440.0	bnb1kwhutx2kgcz9wpnyx2lrwq7zz25ckwa0y4k3c0	18.99879328060863	2
441.0	bnb1ux9ljvzrhk24f283um5z7k89z8jdstyehr7c9v	16.0	1
442.0	bnb1409ccfuhp9lwnen795h62ymkul7sqf5vqlcr8x	14.04	1
443.0	bnb1xq6tuu70kl5vx6xxykt5ceksq6ug85jvztq8yr	13.9492213643325	1
444.0	bnb13r2pwy0w0t45xv6tetsxwa3rn35vg0jy05mj0v	13.0856512843083	1
445.0	bnb1lr52y02sra5t4sv82keqn2cz97ldzau8c66rsk	11.213	1
446.0	bnb1cftc39erq95kqfzlz85kzggcs0g2d3pkj8pm2q	11.040233318475803	1
447.0	bnb1fyz2plvzsart85rechpey8emgqrwafjftcyfa4	10.026639999999999	1
448.5	bnb16zj2fthk7yhydekuffxljykv3uugetl3u08tt0	10.0	1
448.5	bnb1q7v2gap63xje9s7ghvmxr953rfy5j67r863df9	10.0	1
450.0	bnb1ttvst0qx72e7ttmt6ryl6lym6p9ml7428lesah	9.46014181222508	4
451.0	bnb13ydnvcpqy4ffa44geq4jll7sey4tyv8adcdqh6	8.63740287948983	1
452.0	bnb1rus3usp2kpfrd8d0fdex3cgpylauaa48lu2p7v	8.5053588	1
453.0	bnb1u88lp72wdu27fc6tgt3gscrgm7mfukqfzsz0v4	8.0	1
454.0	bnb1lfe9scm3cwmzl7fvcuhcqnf756kqaqr6anh6wp	6.3	1
455.0	bnb1gzy00m8j4r8kucp09p2wrgamukgykdy2lycxdx	5.84944179184591	1
456.0	bnb12k09sqkvrt22z8rd4andya4q8gvsq60gh9hmnd	5.45266990295867	1
457.5	bnb154gnprn5ss0d9v486eljfanhh6pvn0xm45a8mu	5.0	1
457.5	bnb18t6zeh26hrw769hvc84ly9jr4tuh8kr7xhhqjk	5.0	1
459.0	bnb10r3sqdd6mpdq9frwju7shj9nwtnd276gdfs3nj	4.61740395388859	1
460.0	bnb1nqmrdhp6f2vae4u3f30s04wd4gfv3u9mj86qrc	3.4596	1
461.0	bnb1q62catxmf7kgq5a5m27zqqauukn3n2my499hkp	3.0	1
462.0	bnb1xqwauj2sz2v4sw7d64kg2r64e8xr8sdj92tw09	2.3404145494015496	1
463.0	bnb1z88yyqe723m2must6968qh7wg9py06vym858e5	2.08539764948895	1
464.0	bnb1nwe8qw85d2kk3sv367rk6enxscd4dw6v0avxa9	1.5	1
465.0	bnb1w38r2q3lsw2xfr5ppmtt38030lrtu8vs0g0dxy	1.34318289720747	1
466.0	bnb1ncajm93wtdlhl4tfsa69zj2f9rk67c3tx82kwq	1.275	1
467.0	bnb1q5t6rr2gnernce8lw6mmvl6fz2lpfhgva84svu	1.26	1
468.5	bnb1c32zrl3xmt7qtrez3mvs6l5laaglq3xjmw9rkp	1.215	1
468.5	bnb14gfqzt2njzsmuult8cu7u7kznja38gk5jf9uqp	1.215	1
471.0	bnb1wgaxgjr5lku3khps66w836nqzg3xs0dwfjeutj	1.2	1
471.0	bnb1w3yvk7n63t8ux74frx6vq674lhehv4p5whyw45	1.2	1
471.0	bnb1cek5gd7s4snt6gkey96ps4dcxftxfy67nnzn50	1.2	1
474.0	bnb1wxgmgyq2jpn3c2w36pfxxqxmryrusmsd8y8nvf	1.17	1
474.0	bnb1vy6jkwuv0a9jp95s9a92qjwf8eq2r0t0fzd72z	1.17	1
474.0	bnb1huauzzh3nweuaa8yf9ezesu05yfzttdqn09plm	1.17	1
477.0	bnb1y5fe7qk7jd8guk669z8jx90v0d9szx6ptryrge	1.155	1
477.0	bnb1svuudjp5uaxu0z5hjfv7279cevjsp7kjsjyx0w	1.155	1
477.0	bnb1e7le8pdmx8fvvlp9a3zhagx0rqs8yrjvcm33y3	1.155	1
479.5	bnb1xzyz8lwtwe6yt58wvvyrqm7r4x7d5l8ll45m36	1.14	1
479.5	bnb197ps2k2cznpd8cyh9cw9wwqpg2ucf349ucn0mu	1.14	1
482.0	bnb1hx7jdleex6nk089mph876pp66w09k90l36qtg7	1.11	1
482.0	bnb1grq9u6sk2wmlx4hd25nlkgwuvj4kjtlt7vsgnd	1.11	1
482.0	bnb14gs9wnwwhpph9k77vfkrgzzua5l3yneym9ehcv	1.11	1
484.5	bnb1d6dap9vzveqjgq6skj40s3q5lk6es2rh4hg0fp	1.095	1
484.5	bnb12086dl62mtty2watyxrv0aj238p4s4tnxquynd	1.095	1
486.0	bnb1pdymr3c7cyesx9yw8sek873g853a8fs944fcse	1.08	1
487.5	bnb1pqekt9633kv8u8ll3ugqgtl42efnehv5nuejx8	1.065	1
487.5	bnb14xwrexgf925l3e5lfntdggee4ly3asx40tckfl	1.065	1
489.0	bnb1ncwmrjkxejenfe5qfg49k8dl7p7u98chcm24dd	1.05	1
490.5	bnb1gneeektxdelrpqm6ezsy66dphd66xnstt9a6uz	1.035	1
490.5	bnb1fuepzfwewmst0dp74l90cemhj68n0ytc85qkff	1.035	1
492.5	bnb1plmw8wfm8jqsam5d63z0wymfz30j22s4evl9yl	1.02	1
492.5	bnb13menuwd6md4ndezajwkjfx77w32daskfehlvc8	1.02	1
494.0	bnb1g4c98ta9hp5n0e3v077v6xrnwzaw94lcermsfc	1.005	1
